{
  "adjustments": [
    {
      "bbox_2d": {
        "x1": 1165,
        "y1": 278,
        "x2": 1461,
        "y2": 423
      },
      "corners_original": [
        [
          1170.9200439453125,
          423.0
        ],
        [
          1455.0799560546875,
          423.0
        ],
        [
          1361.4349365234375,
          357.75
        ],
        [
          1134.10693359375,
          357.75
        ],
        [
          1170.9200439453125,
          318.6000061035156
        ],
        [
          1455.0799560546875,
          318.6000061035156
        ],
        [
          1361.4349365234375,
          274.2300109863281
        ],
        [
          1134.10693359375,
          274.2300109863281
        ]
      ],
      "corners_adjusted": [
        [
          1164.0,
          415.0
        ],
        [
          1311.0,
          424.0
        ],
        [
          1459.0,
          391.0
        ],
        [
          1349.0,
          375.0
        ],
        [
          1168.0,
          295.0
        ],
        [
          1315.0,
          302.0
        ],
        [
          1462.0,
          283.0
        ],
        [
          1355.0,
          272.0
        ]
      ],
      "world_center": [
        0.6031140021105528,
        -0.13101932590694898,
        0.75
      ],
      "yaw_original": -2.1542640759511804,
      "projection_params": {
        "depth_ratio": 0.25200000405311584,
        "side_offset_ratio": 0.5619999766349792,
        "height_ratio": 0.8339999914169312,
        "shrink_ratio": 0.7480000257492065,
        "rear_height_ratio": 0.871999979019165,
        "front_inset_ratio": -0.003000000026077032
      }
    },
    {
      "bbox_2d": {
        "x1": 1165,
        "y1": 278,
        "x2": 1461,
        "y2": 423
      },
      "corners_original": [
        [
          1170.9200439453125,
          423.0
        ],
        [
          1455.0799560546875,
          423.0
        ],
        [
          1361.4349365234375,
          357.75
        ],
        [
          1134.10693359375,
          357.75
        ],
        [
          1170.9200439453125,
          318.6000061035156
        ],
        [
          1455.0799560546875,
          318.6000061035156
        ],
        [
          1361.4349365234375,
          274.2300109863281
        ],
        [
          1134.10693359375,
          274.2300109863281
        ]
      ],
      "corners_adjusted": [
        [
          1164.0,
          415.0
        ],
        [
          1311.0,
          424.0
        ],
        [
          1459.0,
          391.0
        ],
        [
          1349.0,
          375.0
        ],
        [
          1168.0,
          295.0
        ],
        [
          1315.0,
          302.0
        ],
        [
          1462.0,
          283.0
        ],
        [
          1355.0,
          272.0
        ]
      ],
      "world_center": [
        0.6031140021105528,
        -0.13101932590694898,
        0.75
      ],
      "yaw_original": -2.1542640759511804,
      "projection_params": {
        "depth_ratio": 0.25200000405311584,
        "side_offset_ratio": 0.5619999766349792,
        "height_ratio": 0.8339999914169312,
        "shrink_ratio": 0.7480000257492065,
        "rear_height_ratio": 0.871999979019165,
        "front_inset_ratio": -0.003000000026077032
      }
    },
    {
      "bbox_2d": {
        "x1": 1165,
        "y1": 278,
        "x2": 1461,
        "y2": 423
      },
      "corners_original": [
        [
          1170.9200439453125,
          423.0
        ],
        [
          1455.0799560546875,
          423.0
        ],
        [
          1361.4349365234375,
          357.75
        ],
        [
          1134.10693359375,
          357.75
        ],
        [
          1170.9200439453125,
          318.6000061035156
        ],
        [
          1455.0799560546875,
          318.6000061035156
        ],
        [
          1361.4349365234375,
          274.2300109863281
        ],
        [
          1134.10693359375,
          274.2300109863281
        ]
      ],
      "corners_adjusted": [
        [
          1164.0,
          415.0
        ],
        [
          1311.0,
          424.0
        ],
        [
          1459.0,
          391.0
        ],
        [
          1349.0,
          375.0
        ],
        [
          1168.0,
          295.0
        ],
        [
          1315.0,
          302.0
        ],
        [
          1462.0,
          283.0
        ],
        [
          1355.0,
          272.0
        ]
      ],
      "world_center": [
        0.6031140021105528,
        -0.13101932590694898,
        0.75
      ],
      "yaw_original": -2.1542640759511804,
      "projection_params": {
        "depth_ratio": 0.25200000405311584,
        "side_offset_ratio": 0.5619999766349792,
        "height_ratio": 0.8339999914169312,
        "shrink_ratio": 0.7480000257492065,
        "rear_height_ratio": 0.871999979019165,
        "front_inset_ratio": -0.003000000026077032
      }
    },
    {
      "bbox_2d": {
        "x1": 1165,
        "y1": 278,
        "x2": 1461,
        "y2": 423
      },
      "corners_original": [
        [
          1170.9200439453125,
          423.0
        ],
        [
          1455.0799560546875,
          423.0
        ],
        [
          1361.4349365234375,
          357.75
        ],
        [
          1134.10693359375,
          357.75
        ],
        [
          1170.9200439453125,
          318.6000061035156
        ],
        [
          1455.0799560546875,
          318.6000061035156
        ],
        [
          1361.4349365234375,
          274.2300109863281
        ],
        [
          1134.10693359375,
          274.2300109863281
        ]
      ],
      "corners_adjusted": [
        [
          1164.0,
          415.0
        ],
        [
          1311.0,
          424.0
        ],
        [
          1459.0,
          391.0
        ],
        [
          1349.0,
          375.0
        ],
        [
          1168.0,
          295.0
        ],
        [
          1315.0,
          302.0
        ],
        [
          1462.0,
          283.0
        ],
        [
          1355.0,
          272.0
        ]
      ],
      "world_center": [
        0.6031140021105528,
        -0.13101932590694898,
        0.75
      ],
      "yaw_original": -2.1542640759511804,
      "projection_params": {
        "depth_ratio": 0.25200000405311584,
        "side_offset_ratio": 0.5619999766349792,
        "height_ratio": 0.8339999914169312,
        "shrink_ratio": 0.7480000257492065,
        "rear_height_ratio": 0.871999979019165,
        "front_inset_ratio": -0.003000000026077032
      }
    },
    {
      "bbox_2d": {
        "x1": 1165,
        "y1": 278,
        "x2": 1461,
        "y2": 423
      },
      "corners_original": [
        [
          1170.9200439453125,
          423.0
        ],
        [
          1455.0799560546875,
          423.0
        ],
        [
          1361.4349365234375,
          357.75
        ],
        [
          1134.10693359375,
          357.75
        ],
        [
          1170.9200439453125,
          318.6000061035156
        ],
        [
          1455.0799560546875,
          318.6000061035156
        ],
        [
          1361.4349365234375,
          274.2300109863281
        ],
        [
          1134.10693359375,
          274.2300109863281
        ]
      ],
      "corners_adjusted": [
        [
          1164.0,
          415.0
        ],
        [
          1311.0,
          424.0
        ],
        [
          1459.0,
          391.0
        ],
        [
          1349.0,
          375.0
        ],
        [
          1168.0,
          295.0
        ],
        [
          1315.0,
          302.0
        ],
        [
          1462.0,
          283.0
        ],
        [
          1355.0,
          272.0
        ]
      ],