{
  "vehicles": [
    {
      "vehicle_idx": 0,
      "bbox_2d": {
        "x1": 1165,
        "y1": 278,
        "x2": 1461,
        "y2": 423
      },
      "corners": [
        [
          1164,
          410
        ],
        [
          1323,
          426
        ],
        [
          1457,
          391
        ],
        [
          1344,
          375
        ],
        [
          1167,
          302
        ],
        [
          1328,
          312
        ],
        [
          1461,
          291
        ],
        [
          1347,
          281
        ]
      ],
      "params": {
        "depth_ratio": 0.2409999966621399,
        "side_offset_ratio": 0.5299999713897705,
        "height_ratio": 0.765999972820282,
        "shrink_ratio": 0.7110000252723694,
        "front_inset": -0.003000000026077032
      }
    },
    {
      "vehicle_idx": 1,
      "bbox_2d": {
        "x1": 1475,
        "y1": 233,
        "x2": 1613,
        "y2": 296
      },
      "corners": [
        [
          1481,
          296
        ],
        [
          1559,
          297
        ],
        [
          1617,
          284
        ],
        [
          1563,
          278
        ],
        [
          1482,
          239
        ],
        [
          1563,
          238
        ],
        [
          1616,
          234
        ],
        [
          1562,
          228
        ]
      ],
      "params": {
        "depth_ratio": 0.2460000067949295,
        "side_offset_ratio": 0.5049999952316284,
        "height_ratio": 0.9210000038146973,
        "shrink_ratio": 0.6990000009536743,
        "front_inset": 0.04899999871850014
      }
    },
    {
      "vehicle_idx": 2,
      "bbox_2d": {
        "x1": 1748,
        "y1": 275,
        "x2": 1919,
        "y2": 402
      },
      "corners": [
        [
          1750,
          373
        ],
        [
          1877,
          385
        ],
        [
          1919,
          375
        ],
        [
          1843,
          354
        ],
        [
          1753,
          295
        ],
        [
          1886,
          299
        ],
        [
          1912,
          292
        ],
        [
          1847,
          275
        ]
      ],
      "params": {
        "depth_ratio": 0.11400000005960464,
        "side_offset_ratio": 0.39500001072883606,
        "height_ratio": 0.6460000276565552,
        "shrink_ratio": 0.5979999899864197,
        "front_inset": 0.012000000104308128
      }
    },
    {
      "vehicle_idx": 3,
      "bbox_2d": {
        "x1": 1718,
        "y1": 228,
        "x2": 1839,
        "y2": 318
      },
      "corners": [
        [
          1720,
          311
        ],
        [
          1807,
          315
        ],
        [
          1858,
          276
        ],
        [
          1775,
          283
        ],
        [
          1723,
          255
        ],
        [
          1807,
          254
        ],
        [
          1862,
          229
        ],
        [
          1786,
          228
        ]
      ],
      "params": {
        "depth_ratio": 0.3720000088214874,
        "side_offset_ratio": 0.43799999356269836,
        "height_ratio": 0.6499999761581421,
        "shrink_ratio": 0.9539999961853027,
        "front_inset": 0.017000000923871994
      }
    }
  ]
}