{
  "adjustments": [
    {
      "video": "GOPR0574.MP4",
      "frame": 100,
      "vehicle_idx": 1,
      "bbox_2d": {
        "x1": 1173,
        "y1": 369,
        "x2": 1362,
        "y2": 514
      },
      "world_pos": {
        "x": 21.40399864752382,
        "y": 8.349709981757643
      },
      "corners": [
        [
          1272,
          518
        ],
        [
          1357,
          507
        ],
        [
          1247,
          435
        ],
        [
          1174,
          440
        ],
        [
          1284,
          440
        ],
        [
          1366,
          429
        ],
        [
          1259,
          364
        ],
        [
          1190,
          365
        ]
      ],
      "params": {
        "depth_ratio": 0.5170000195503235,
        "side_offset_ratio": -0.550000011920929,
        "height_ratio": 0.5379999876022339,
        "shrink_ratio": 0.859000027179718,
        "front_inset": 0.5239999890327454
      }
    },
    {
      "video": "GOPR0574.MP4",
      "frame": 280,
      "vehicle_idx": 0,
      "bbox_2d": {
        "x1": 1092,
        "y1": 338,
        "x2": 1267,
        "y2": 460
      },
      "world_pos": {
        "x": 16.459189587502387,
        "y": 9.071325606921572
      },
      "corners": [
        [
          1190,
          459
        ],
        [
          1263,
          450
        ],
        [
          1165,
          387
        ],
        [
          1103,
          389
        ],
        [
          1198,
          382
        ],
        [
          1272,
          380
        ],
        [
          1172,
          326
        ],
        [
          1110,
          326
        ]
      ],
      "params": {
        "depth_ratio": 0.5450000166893005,
        "side_offset_ratio": -0.5289999842643738,
        "height_ratio": 0.6019999980926514,
        "shrink_ratio": 0.8489999771118164,
        "front_inset": 0.5600000023841858
      }
    },
    {
      "video": "GOPR0581.MP4",
      "frame": 100,
      "vehicle_idx": 0,
      "bbox_2d": {
        "x1": 1256,
        "y1": 443,
        "x2": 1412,
        "y2": 532
      },
      "world_pos": {
        "x": 23.111932733147633,
        "y": 8.796052995906166
      },
      "corners": [
        [
          1350,
          531
        ],
        [
          1417,
          521
        ],
        [
          1306,
          478
        ],
        [
          1253,
          493
        ],
        [
          1347,
          459
        ],
        [
          1413,
          452
        ],
        [
          1308,
          427
        ],
        [
          1254,
          437
        ]
      ],
      "params": {
        "depth_ratio": 0.45500001311302185,
        "side_offset_ratio": -0.6669999957084656,
        "height_ratio": 0.7919999957084656,
        "shrink_ratio": 0.7910000085830688,
        "front_inset": 0.6029999852180481
      }
    },
    {
      "video": "GOPR0581.MP4",
      "frame": 100,
      "vehicle_idx": 1,
      "bbox_2d": {
        "x1": 833,
        "y1": 509,
        "x2": 1008,
        "y2": 680
      },
      "world_pos": {
        "x": 25.560520475767277,
        "y": -0.6567551031388883
      },
      "corners": [
        [
          901,
          683
        ],
        [
          1009,
          666
        ],
        [
          920,
          578
        ],
        [
          834,
          597
        ],
        [
          897,
          604
        ],
        [
          1000,
          588
        ],
        [
          921,
          506
        ],
        [
          834,
          516
        ]
      ],
      "params": {
        "depth_ratio": 0.5090000033378601,
        "side_offset_ratio": -0.44600000977516174,
        "height_ratio": 0.45899999141693115,
        "shrink_ratio": 0.7960000038146973,
        "front_inset": 0.3889999985694885
      }
    },
    {
      "video": "GOPR0581.MP4",
      "frame": 100,
      "vehicle_idx": 2,
      "bbox_2d": {
        "x1": 654,
        "y1": 302,
        "x2": 702,
        "y2": 345
      },
      "world_pos": {
        "x": -12.136431930703939,
        "y": 0.692146786511208
      },
      "corners": [
        [
          660,
          342
        ],
        [
          703,
          340
        ],
        [
          690,
          317
        ],
        [
          651,
          317
        ],
        [
          659,
          314
        ],
        [
          701,
          312
        ],
        [
          687,
          296
        ],
        [
          649,
          298
        ]
      ],
      "params": {
        "depth_ratio": 0.5580000281333923,
        "side_offset_ratio": -0.2290000021457672,
        "height_ratio": 0.6510000228881836,
        "shrink_ratio": 0.9070000052452087,
        "front_inset": 0.125
      }
    },
    {
      "video": "GOPR0581.MP4",
      "frame": 130,
      "vehicle_idx": 0,
      "bbox_2d": {
        "x1": 1462,
        "y1": 510,
        "x2": 1734,
        "y2": 643
      },
      "world_pos": {
        "x": 29.577322732983376,
        "y": 8.869772242290598
      },
      "corners": [
        [
          1661,
          652
        ],
        [
          1728,
          636
        ],
        [
          1548,
          574
        ],
        [
          1464,
          580
        ],
        [
          1663,
          545
        ],
        [
          1732,
          539
        ],
        [
          1551,
          495
        ],
        [
          1467,
          503
        ]
      ],
      "params": {
        "depth_ratio": 0.5040000081062317,
        "side_offset_ratio": -0.6930000185966492,
        "height_ratio": 0.7670000195503235,
        "shrink_ratio": 1.253999948501587,
        "front_inset": 0.7319999933242798
      }
    },
    {
      "video": "GOPR0581.MP4",
      "frame": 190,
      "vehicle_idx": 1,
      "bbox_2d": {
        "x1": 834,
        "y1": 518,
        "x2": 1010,
        "y2": 693
      },
      "world_pos": {
        "x": 25.98840057962847,
        "y": -0.773120690729296
      },
      "corners": [
        [
          900,
          696
        ],
        [
          1014,
          677
        ],
        [
          925,
          593
        ],
        [
          837,
          613
        ],
        [
          900,
          616
        ],
        [
          1005,
          602
        ],
        [
          926,
          518
        ],
        [
          838,
          536
        ]
      ],
      "params": {
        "depth_ratio": 0.47699999809265137,
        "side_offset_ratio": -0.4320000112056732,
        "height_ratio": 0.4429999887943268,
        "shrink_ratio": 0.7720000147819519,
        "front_inset": 0.375
      }
    },
    {
      "video": "GOPR0581.MP4",
      "frame": 190,
      "vehicle_idx": 0,
      "bbox_2d": {
        "x1": 731,
        "y1": 400,
        "x2": 823,
        "y2": 487
      },
      "world_pos": {
        "x": 13.593387293678571,
        "y": -0.30844730589948993
      },
      "corners": [
        [
          759,
          487
        ],
        [
          822,
          485
        ],
        [
          780,
          441
        ],
        [
          728,
          443
        ],
        [
          756,
          440
        ],
        [
          822,
          435
        ],
        [
          780,
          394
        ],
        [
          728,
          396
        ]
      ],
      "params": {
        "depth_ratio": 0.5059999823570251,
        "side_offset_ratio": -0.3970000147819519,
        "height_ratio": 0.5569999814033508,
        "shrink_ratio": 0.824999988079071,
        "front_inset": 0.30399999022483826
      }
    },
    {
      "video": "GOPR0581.MP4",
      "frame": 490,
      "vehicle_idx": 0,
      "bbox_2d": {
        "x1": 896,
        "y1": 582,
        "x2": 1122,
        "y2": 788
      },
      "world_pos": {
        "x": 29.03182492925967,